{"metadata":[{"value":{"metamodel":{"packages":[{"value":{"services":[{"value":{"name":"env.profiles.default","documentation":"Provides commands for managing dcli default profile","constants":[],"operations":[{"value":{"errors":[],"name":"get","documentation":"Gets the name of the current default profile.","params":[],"output":{"documentation":"id of the current default profile\nThe result will be an identifier for the resource type: com.vmware.vapi.clients.dcli.profile.","type":{"category":"BUILTIN","builtin_type":"ID"},"metadata":[{"value":{"elements":[{"value":{"string_value":"com.vmware.vapi.clients.dcli.profile","type":"STRING"},"key":"value"}]},"key":"Resource"}]},"metadata":[]},"key":"get"},{"value":{"errors":[],"name":"set","documentation":"Sets default profile.","params":[{"name":"profile","documentation":"Profile ID to set as default.\nThe parameter must be an identifier for the resource type: com.vmware.vapi.clients.dcli.profile.","type":{"category":"BUILTIN","builtin_type":"ID"},"metadata":[{"value":{"elements":[{"value":{"string_value":"com.vmware.vapi.clients.dcli.profile","type":"STRING"},"key":"value"}]},"key":"Resource"}]}],"output":{"documentation":"","type":{"category":"BUILTIN","builtin_type":"VOID"},"metadata":[]},"metadata":[]},"key":"set"}],"metadata":[],"enumerations":[],"structures":[]},"key":"env.profiles.default"}],"name":"env.profiles","documentation":"Provides commands for managing dcli profiles","metadata":[],"enumerations":[],"structures":[]},"key":"env.profiles"},{"value":{"services":[{"value":{"name":"env.options","documentation":"Provides commands for managing dcli command's default options","constants":[],"operations":[{"value":{"errors":[],"name":"get","documentation":"Gets default option value for a specified option parameter name.","params":[{"name":"option","documentation":"Parameter name to get value for.\nThe parameter must be an identifier for the resource type: com.vmware.vapi.clients.dcli.command.option.","type":{"category":"BUILTIN","builtin_type":"ID"},"metadata":[{"value":{"elements":[{"value":{"string_value":"com.vmware.vapi.clients.dcli.command.option","type":"STRING"},"key":"value"}]},"key":"Resource"}]},{"name":"module","documentation":"Module to get default option from.\nIf unset, removes from default module.\nThe parameter must be an identifier for the resource type: com.vmware.vapi.clients.dcli.module.","type":{"category":"GENERIC","generic_instantiation":{"generic_type":"OPTIONAL","element_type":{"category":"BUILTIN","builtin_type":"ID"}}},"metadata":[{"value":{"elements":[{"value":{"string_value":"com.vmware.vapi.clients.dcli.module","type":"STRING"},"key":"value"}]},"key":"Resource"}]},{"name":"server","documentation":"Server to get default option from.\nIf unset, reads from default server.","type":{"category":"GENERIC","generic_instantiation":{"generic_type":"OPTIONAL","element_type":{"category":"BUILTIN","builtin_type":"URI"}}},"metadata":[]},{"name":"profile","documentation":"Profile to be read from.\nIf unset, uses default profile.\nThe parameter must be an identifier for the resource type: com.vmware.vapi.clients.dcli.profile.","type":{"category":"GENERIC","generic_instantiation":{"generic_type":"OPTIONAL","element_type":{"category":"BUILTIN","builtin_type":"ID"}}},"metadata":[{"value":{"elements":[{"value":{"string_value":"com.vmware.vapi.clients.dcli.profile","type":"STRING"},"key":"value"}]},"key":"Resource"}]}],"output":{"documentation":"option value.","type":{"category":"BUILTIN","builtin_type":"STRING"},"metadata":[]},"metadata":[]},"key":"get"},{"value":{"errors":[],"name":"set","documentation":"Adds default option to be used for dcli commands","params":[{"name":"option","documentation":"Parameter name of the command.\nThe parameter must be an identifier for the resource type: com.vmware.vapi.clients.dcli.command.option.","type":{"category":"BUILTIN","builtin_type":"ID"},"metadata":[{"value":{"elements":[{"value":{"string_value":"com.vmware.vapi.clients.dcli.command.option","type":"STRING"},"key":"value"}]},"key":"Resource"}]},{"name":"value","documentation":"Value of the parameter.","type":{"category":"BUILTIN","builtin_type":"STRING"},"metadata":[]},{"name":"module","documentation":"Module to add default option to.\nIf unset, removes from default module.\nThe parameter must be an identifier for the resource type: com.vmware.vapi.clients.dcli.module.","type":{"category":"GENERIC","generic_instantiation":{"generic_type":"OPTIONAL","element_type":{"category":"BUILTIN","builtin_type":"ID"}}},"metadata":[{"value":{"elements":[{"value":{"string_value":"com.vmware.vapi.clients.dcli.module","type":"STRING"},"key":"value"}]},"key":"Resource"}]},{"name":"server","documentation":"Server to add default option to.\nIf unset, adds to default options of default server.","type":{"category":"GENERIC","generic_instantiation":{"generic_type":"OPTIONAL","element_type":{"category":"BUILTIN","builtin_type":"URI"}}},"metadata":[]},{"name":"profile","documentation":"Profile to be added to.\nIf unset, sets option to default profile.\nThe parameter must be an identifier for the resource type: com.vmware.vapi.clients.dcli.profile.","type":{"category":"GENERIC","generic_instantiation":{"generic_type":"OPTIONAL","element_type":{"category":"BUILTIN","builtin_type":"ID"}}},"metadata":[{"value":{"elements":[{"value":{"string_value":"com.vmware.vapi.clients.dcli.profile","type":"STRING"},"key":"value"}]},"key":"Resource"}]}],"output":{"documentation":"","type":{"category":"BUILTIN","builtin_type":"VOID"},"metadata":[]},"metadata":[]},"key":"set"},{"value":{"errors":[],"name":"delete","documentation":"Deletes default option for a specified module and option parameter name.","params":[{"name":"option","documentation":"Parameter name to remove.\nThe parameter must be an identifier for the resource type: com.vmware.vapi.clients.dcli.command.option.","type":{"category":"BUILTIN","builtin_type":"ID"},"metadata":[{"value":{"elements":[{"value":{"string_value":"com.vmware.vapi.clients.dcli.command.option","type":"STRING"},"key":"value"}]},"key":"Resource"}]},{"name":"module","documentation":"Module to delete default option from.\nIf unset, removes from default module.\nThe parameter must be an identifier for the resource type: com.vmware.vapi.clients.dcli.module.","type":{"category":"GENERIC","generic_instantiation":{"generic_type":"OPTIONAL","element_type":{"category":"BUILTIN","builtin_type":"ID"}}},"metadata":[{"value":{"elements":[{"value":{"string_value":"com.vmware.vapi.clients.dcli.module","type":"STRING"},"key":"value"}]},"key":"Resource"}]},{"name":"server","documentation":"Server to delete default option from.\nIf unset, removes from default options of default server.","type":{"category":"GENERIC","generic_instantiation":{"generic_type":"OPTIONAL","element_type":{"category":"BUILTIN","builtin_type":"URI"}}},"metadata":[]},{"name":"profile","documentation":"Profile to be deleted from.\nIf unset, uses default profile.\nThe parameter must be an identifier for the resource type: com.vmware.vapi.clients.dcli.profile.","type":{"category":"GENERIC","generic_instantiation":{"generic_type":"OPTIONAL","element_type":{"category":"BUILTIN","builtin_type":"ID"}}},"metadata":[{"value":{"elements":[{"value":{"string_value":"com.vmware.vapi.clients.dcli.profile","type":"STRING"},"key":"value"}]},"key":"Resource"}]}],"output":{"documentation":"","type":{"category":"BUILTIN","builtin_type":"VOID"},"metadata":[]},"metadata":[]},"key":"delete"},{"value":{"errors":[],"name":"list","documentation":"Listing all specified default options for default or all profiles","params":[{"name":"all_profiles","documentation":"flag to determine whether to list the options of default or all profiles.\nIf unset, returns default options for default profile.","type":{"category":"GENERIC","generic_instantiation":{"generic_type":"OPTIONAL","element_type":{"category":"BUILTIN","builtin_type":"BOOLEAN"}}},"metadata":[]}],"output":{"documentation":"list of default options.","type":{"category":"BUILTIN","builtin_type":"STRING"},"metadata":[]},"metadata":[]},"key":"list"}],"metadata":[],"enumerations":[],"structures":[]},"key":"env.options"},{"value":{"name":"env.profiles","documentation":"Provides commands for managing dcli profiles","constants":[],"operations":[{"value":{"errors":[],"name":"get","documentation":"Gets content of the profile.","params":[{"name":"profile","documentation":"ID of the profile to get.\nThe parameter must be an identifier for the resource type: com.vmware.vapi.clients.dcli.profile.","type":{"category":"BUILTIN","builtin_type":"ID"},"metadata":[{"value":{"elements":[{"value":{"string_value":"com.vmware.vapi.clients.dcli.profile","type":"STRING"},"key":"value"}]},"key":"Resource"}]}],"output":{"documentation":"the profile content.","type":{"category":"BUILTIN","builtin_type":"STRING"},"metadata":[]},"metadata":[]},"key":"get"},{"value":{"errors":[],"name":"delete","documentation":"Remove configuration profile","params":[{"name":"profile","documentation":"Profile to delete from configuration\nThe parameter must be an identifier for the resource type: com.vmware.vapi.clients.dcli.profile.","type":{"category":"BUILTIN","builtin_type":"ID"},"metadata":[{"value":{"elements":[{"value":{"string_value":"com.vmware.vapi.clients.dcli.profile","type":"STRING"},"key":"value"}]},"key":"Resource"}]}],"output":{"documentation":"","type":{"category":"BUILTIN","builtin_type":"VOID"},"metadata":[]},"metadata":[]},"key":"delete"},{"value":{"errors":[],"name":"list","documentation":"Returns the names of the available profiles","params":[],"output":{"documentation":"the names of available profiles\nThe result will contain identifiers for the resource type: com.vmware.vapi.clients.dcli.profile.","type":{"category":"GENERIC","generic_instantiation":{"generic_type":"LIST","element_type":{"category":"BUILTIN","builtin_type":"ID"}}},"metadata":[{"value":{"elements":[{"value":{"string_value":"com.vmware.vapi.clients.dcli.profile","type":"STRING"},"key":"value"}]},"key":"Resource"}]},"metadata":[]},"key":"list"},{"value":{"errors":[],"name":"add","documentation":"Adds new configuration profile","params":[{"name":"name","documentation":"Profile name of profile to remove from configuration.\nThe parameter must be an identifier for the resource type: com.vmware.vapi.clients.dcli.profile.","type":{"category":"BUILTIN","builtin_type":"ID"},"metadata":[{"value":{"elements":[{"value":{"string_value":"com.vmware.vapi.clients.dcli.profile","type":"STRING"},"key":"value"}]},"key":"Resource"}]},{"name":"origin_profile","documentation":"Profile to copy configuration from.\norigin Profile to copy current settings from. If unset, creates an empty profile.\nThe parameter must be an identifier for the resource type: com.vmware.vapi.clients.dcli.profile.","type":{"category":"GENERIC","generic_instantiation":{"generic_type":"OPTIONAL","element_type":{"category":"BUILTIN","builtin_type":"ID"}}},"metadata":[{"value":{"elements":[{"value":{"string_value":"com.vmware.vapi.clients.dcli.profile","type":"STRING"},"key":"value"}]},"key":"Resource"}]}],"output":{"documentation":"","type":{"category":"BUILTIN","builtin_type":"VOID"},"metadata":[]},"metadata":[]},"key":"add"}],"metadata":[],"enumerations":[],"structures":[]},"key":"env.profiles"}],"name":"env","documentation":"","metadata":[],"enumerations":[],"structures":[]},"key":"env"}],"name":"tbd","documentation":"","metadata":[]},"authentication":{"packages":[]},"privilege":{"packages":[]},"routing":{"packages":[]},"cli":{"commands":[{"service_id":"env.profiles","operation_id":"delete","identity":{"name":"delete","path":"env.profiles"},"output_field_list":[],"description":"Remove configuration profile","options":[{"generic":"NONE","field_name":"profile","description":"Profile to delete from configuration","type":"id","long_option":"profile","short_option":""}]},{"formatter":"SIMPLE","service_id":"env.options","operation_id":"list","identity":{"name":"list","path":"env.options"},"output_field_list":[],"description":"Listing all specified default options for default or all profiles","options":[{"generic":"OPTIONAL","field_name":"all_profiles","description":"flag to determine whether to list the options of default or all profiles.","type":"boolean","long_option":"all-profiles","short_option":""}]},{"formatter":"SIMPLE","service_id":"env.profiles","operation_id":"list","identity":{"name":"list","path":"env.profiles"},"output_field_list":[],"description":"Returns the names of the available profiles","options":[]},{"service_id":"env.options","operation_id":"delete","identity":{"name":"delete","path":"env.options"},"output_field_list":[],"description":"Deletes default option for a specified module and option parameter name.","options":[{"generic":"NONE","field_name":"option","description":"Parameter name to remove.","type":"id","long_option":"option","short_option":""},{"generic":"OPTIONAL","field_name":"module","description":"Module to delete default option from.","type":"id","long_option":"module","short_option":""},{"generic":"OPTIONAL","field_name":"server","description":"Server to delete default option from.","type":"uri","long_option":"server","short_option":""},{"generic":"OPTIONAL","field_name":"profile","description":"Profile to be deleted from.","type":"id","long_option":"profile","short_option":""}]},{"formatter":"SIMPLE","service_id":"env.profiles","operation_id":"get","identity":{"name":"get","path":"env.profiles"},"output_field_list":[],"description":"Gets content of the profile.","options":[{"generic":"NONE","field_name":"profile","description":"ID of the profile to get.","type":"id","long_option":"profile","short_option":""}]},{"service_id":"env.profiles.default","operation_id":"set","identity":{"name":"set","path":"env.profiles.default"},"output_field_list":[],"description":"Sets default profile.","options":[{"generic":"NONE","field_name":"profile","description":"Profile ID to set as default.","type":"id","long_option":"profile","short_option":""}]},{"service_id":"env.profiles","operation_id":"add","identity":{"name":"add","path":"env.profiles"},"output_field_list":[],"description":"Adds new configuration profile","options":[{"generic":"NONE","field_name":"name","description":"Profile name of profile to remove from configuration.","type":"id","long_option":"name","short_option":""},{"generic":"OPTIONAL","field_name":"origin_profile","description":"Profile to copy configuration from.","type":"id","long_option":"origin-profile","short_option":""}]},{"formatter":"SIMPLE","service_id":"env.options","operation_id":"get","identity":{"name":"get","path":"env.options"},"output_field_list":[],"description":"Gets default option value for a specified option parameter name.","options":[{"generic":"NONE","field_name":"option","description":"Parameter name to get value for.","type":"id","long_option":"option","short_option":""},{"generic":"OPTIONAL","field_name":"module","description":"Module to get default option from.","type":"id","long_option":"module","short_option":""},{"generic":"OPTIONAL","field_name":"server","description":"Server to get default option from.","type":"uri","long_option":"server","short_option":""},{"generic":"OPTIONAL","field_name":"profile","description":"Profile to be read from.","type":"id","long_option":"profile","short_option":""}]},{"formatter":"SIMPLE","service_id":"env.profiles.default","operation_id":"get","identity":{"name":"get","path":"env.profiles.default"},"output_field_list":[],"description":"Gets the name of the current default profile.","options":[]},{"service_id":"env.options","operation_id":"set","identity":{"name":"set","path":"env.options"},"output_field_list":[],"description":"Adds default option to be used for dcli commands","options":[{"generic":"NONE","field_name":"option","description":"Parameter name of the command.","type":"id","long_option":"option","short_option":""},{"generic":"NONE","field_name":"value","description":"Value of the parameter.","type":"string","long_option":"value","short_option":""},{"generic":"OPTIONAL","field_name":"module","description":"Module to add default option to.","type":"id","long_option":"module","short_option":""},{"generic":"OPTIONAL","field_name":"server","description":"Server to add default option to.","type":"uri","long_option":"server","short_option":""},{"generic":"OPTIONAL","field_name":"profile","description":"Profile to be added to.","type":"id","long_option":"profile","short_option":""}]}],"namespaces":[{"identity":{"name":"env","path":""},"description":"","children":[{"name":"profiles","path":"env"},{"name":"options","path":"env"}]},{"identity":{"name":"profiles","path":"env"},"description":"Provides commands for managing dcli profiles","children":[]},{"identity":{"name":"default","path":"env.profiles"},"description":"Provides commands for managing dcli default profile","children":[]},{"identity":{"name":"options","path":"env"},"description":"Provides commands for managing dcli command's default options","children":[]},{"identity":{"name":"","path":""},"description":"Root namespace","children":[{"name":"env","path":""}]}]}},"key":"tbd"}],"version":"1.0"}
